{	"start":	{		"connected":	[{				"socket":	5,				"local_host":	"192.168.50.155",				"local_port":	3000,				"remote_host":	"192.168.50.166",				"remote_port":	33976			}],		"version":	"iperf 3.7",		"system_info":	"Linux minarady-Latitude-E6430 5.15.0-52-generic #58~20.04.1-Ubuntu SMP Thu Oct 13 13:09:46 UTC 2022 x86_64",		"sock_bufsize":	0,		"sndbuf_actual":	16384,		"rcvbuf_actual":	131072,		"timestamp":	{			"time":	"Fri, 18 Nov 2022 08:45:36 GMT",			"timesecs":	1668761136		},		"accepted_connection":	{			"host":	"192.168.50.166",			"port":	33962		},		"cookie":	"h3agaac7tqgczheow7pucjnk4hizaqnxwmb5",		"tcp_mss_default":	0,		"test_start":	{			"protocol":	"TCP",			"num_streams":	1,			"blksize":	131072,			"omit":	0,			"duration":	5,			"bytes":	0,			"blocks":	0,			"reverse":	0,			"tos":	0		}	},	"intervals":	[{			"streams":	[{					"socket":	5,					"start":	0,					"end":	1.000079,					"seconds":	1.0000790357589722,					"bytes":	98117920,					"bits_per_second":	784881326.30867207,					"omitted":	false,					"sender":	false				}],			"sum":	{				"start":	0,				"end":	1.000079,				"seconds":	1.0000790357589722,				"bytes":	98117920,				"bits_per_second":	784881326.30867207,				"omitted":	false,				"sender":	false			}		}, {			"streams":	[{					"socket":	5,					"start":	1.000079,					"end":	2.000069,					"seconds":	0.99998998641967773,					"bytes":	113159752,					"bits_per_second":	905287081.164902,					"omitted":	false,					"sender":	false				}],			"sum":	{				"start":	1.000079,				"end":	2.000069,				"seconds":	0.99998998641967773,				"bytes":	113159752,				"bits_per_second":	905287081.164902,				"omitted":	false,				"sender":	false			}		}, {			"streams":	[{					"socket":	5,					"start":	2.000069,					"end":	3.000072,					"seconds":	1.0000029802322388,					"bytes":	117549008,					"bits_per_second":	940389261.42160606,					"omitted":	false,					"sender":	false				}],			"sum":	{				"start":	2.000069,				"end":	3.000072,				"seconds":	1.0000029802322388,				"bytes":	117549008,				"bits_per_second":	940389261.42160606,				"omitted":	false,				"sender":	false			}		}, {			"streams":	[{					"socket":	5,					"start":	3.000072,					"end":	4.000066,					"seconds":	0.99999397993087769,					"bytes":	117700680,					"bits_per_second":	941611108.56395984,					"omitted":	false,					"sender":	false				}],			"sum":	{				"start":	3.000072,				"end":	4.000066,				"seconds":	0.99999397993087769,				"bytes":	117700680,				"bits_per_second":	941611108.56395984,				"omitted":	false,				"sender":	false			}		}, {			"streams":	[{					"socket":	5,					"start":	4.000066,					"end":	5.000074,					"seconds":	1.0000079870224,					"bytes":	117364744,					"bits_per_second":	938910452.90118122,					"omitted":	false,					"sender":	false				}],			"sum":	{				"start":	4.000066,				"end":	5.000074,				"seconds":	1.0000079870224,				"bytes":	117364744,				"bits_per_second":	938910452.90118122,				"omitted":	false,				"sender":	false			}		}, {			"streams":	[{					"socket":	5,					"start":	5.000074,					"end":	5.048463,					"seconds":	0.048388998955488205,					"bytes":	5681952,					"bits_per_second":	939379135.36532247,					"omitted":	false,					"sender":	false				}],			"sum":	{				"start":	5.000074,				"end":	5.048463,				"seconds":	0.048388998955488205,				"bytes":	5681952,				"bits_per_second":	939379135.36532247,				"omitted":	false,				"sender":	false			}		}],	"end":	{		"streams":	[{				"sender":	{					"socket":	5,					"start":	0,					"end":	5.048463,					"seconds":	5.048463,					"bytes":	0,					"bits_per_second":	0,					"sender":	false				},				"receiver":	{					"socket":	5,					"start":	0,					"end":	5.048463,					"seconds":	5.048463,					"bytes":	569574056,					"bits_per_second":	902570237.31777382,					"sender":	false				}			}],		"sum_sent":	{			"start":	0,			"end":	5.048463,			"seconds":	5.048463,			"bytes":	0,			"bits_per_second":	0,			"sender":	false		},		"sum_received":	{			"start":	0,			"end":	5.048463,			"seconds":	5.048463,			"bytes":	569574056,			"bits_per_second":	902570237.31777382,			"sender":	false		},		"cpu_utilization_percent":	{			"host_total":	2.5312396431205428,			"host_user":	0.30554508133661284,			"host_system":	2.2256916906053572,			"remote_total":	0,			"remote_user":	0,			"remote_system":	0		},		"receiver_tcp_congestion":	"cubic"	},	"title":	"dummy"}
