{	"start":	{		"connected":	[{				"socket":	5,				"local_host":	"192.168.50.155",				"local_port":	3000,				"remote_host":	"192.168.50.166",				"remote_port":	36366			}],		"version":	"iperf 3.7",		"system_info":	"Linux minarady-Latitude-E6430 5.15.0-52-generic #58~20.04.1-Ubuntu SMP Thu Oct 13 13:09:46 UTC 2022 x86_64",		"sock_bufsize":	0,		"sndbuf_actual":	16384,		"rcvbuf_actual":	131072,		"timestamp":	{			"time":	"Fri, 18 Nov 2022 08:45:58 GMT",			"timesecs":	1668761158		},		"accepted_connection":	{			"host":	"192.168.50.166",			"port":	36356		},		"cookie":	"obz62wvosemhwryzhn5333hxc6pzdnyptvzb",		"tcp_mss_default":	0,		"test_start":	{			"protocol":	"TCP",			"num_streams":	1,			"blksize":	131072,			"omit":	0,			"duration":	5,			"bytes":	0,			"blocks":	0,			"reverse":	0,			"tos":	0		}	},	"intervals":	[{			"streams":	[{					"socket":	5,					"start":	0,					"end":	1.000071,					"seconds":	1.0000710487365723,					"bytes":	97899416,					"bits_per_second":	783139686.91468513,					"omitted":	false,					"sender":	false				}],			"sum":	{				"start":	0,				"end":	1.000071,				"seconds":	1.0000710487365723,				"bytes":	97899416,				"bits_per_second":	783139686.91468513,				"omitted":	false,				"sender":	false			}		}, {			"streams":	[{					"socket":	5,					"start":	1.000071,					"end":	2.000098,					"seconds":	1.0000269412994385,					"bytes":	117700936,					"bits_per_second":	941582120.55414426,					"omitted":	false,					"sender":	false				}],			"sum":	{				"start":	1.000071,				"end":	2.000098,				"seconds":	1.0000269412994385,				"bytes":	117700936,				"bits_per_second":	941582120.55414426,				"omitted":	false,				"sender":	false			}		}, {			"streams":	[{					"socket":	5,					"start":	2.000098,					"end":	3.000069,					"seconds":	0.99997097253799438,					"bytes":	117156480,					"bits_per_second":	937279046.83192062,					"omitted":	false,					"sender":	false				}],			"sum":	{				"start":	2.000098,				"end":	3.000069,				"seconds":	0.99997097253799438,				"bytes":	117156480,				"bits_per_second":	937279046.83192062,				"omitted":	false,				"sender":	false			}		}, {			"streams":	[{					"socket":	5,					"start":	3.000069,					"end":	4.000099,					"seconds":	1.0000300407409668,					"bytes":	117316960,					"bits_per_second":	938507486.53970146,					"omitted":	false,					"sender":	false				}],			"sum":	{				"start":	3.000069,				"end":	4.000099,				"seconds":	1.0000300407409668,				"bytes":	117316960,				"bits_per_second":	938507486.53970146,				"omitted":	false,				"sender":	false			}		}, {			"streams":	[{					"socket":	5,					"start":	4.000099,					"end":	5.000053,					"seconds":	0.9999539852142334,					"bytes":	117642760,					"bits_per_second":	941185388.44401586,					"omitted":	false,					"sender":	false				}],			"sum":	{				"start":	4.000099,				"end":	5.000053,				"seconds":	0.9999539852142334,				"bytes":	117642760,				"bits_per_second":	941185388.44401586,				"omitted":	false,				"sender":	false			}		}, {			"streams":	[{					"socket":	5,					"start":	5.000053,					"end":	5.045941,					"seconds":	0.04588799923658371,					"bytes":	5386560,					"bits_per_second":	939079513.53095794,					"omitted":	false,					"sender":	false				}],			"sum":	{				"start":	5.000053,				"end":	5.045941,				"seconds":	0.04588799923658371,				"bytes":	5386560,				"bits_per_second":	939079513.53095794,				"omitted":	false,				"sender":	false			}		}],	"end":	{		"streams":	[{				"sender":	{					"socket":	5,					"start":	0,					"end":	5.045941,					"seconds":	5.045941,					"bytes":	0,					"bits_per_second":	0,					"sender":	false				},				"receiver":	{					"socket":	5,					"start":	0,					"end":	5.045941,					"seconds":	5.045941,					"bytes":	573103112,					"bits_per_second":	908616429.72044265,					"sender":	false				}			}],		"sum_sent":	{			"start":	0,			"end":	5.045941,			"seconds":	5.045941,			"bytes":	0,			"bits_per_second":	0,			"sender":	false		},		"sum_received":	{			"start":	0,			"end":	5.045941,			"seconds":	5.045941,			"bytes":	573103112,			"bits_per_second":	908616429.72044265,			"sender":	false		},		"cpu_utilization_percent":	{			"host_total":	3.967082635413159,			"host_user":	0.46640210109859925,			"host_system":	3.5006805343145606,			"remote_total":	5.9579061999844436,			"remote_user":	0.36315665000168929,			"remote_system":	5.5947691928132386		},		"receiver_tcp_congestion":	"cubic"	},	"title":	"dummy_dun1"}
